{"cameraMode":{"drawMode":0,"name":"Shaded","section":"Shading Mode"},"sceneLighting":true,"audioPlay":false,"sceneViewState":{"showFog":false,"showMaterialUpdate":false,"showSkybox":false,"showFlares":false,"showImageEffects":false,"showParticleSystems":false},"in2DMode":false,"pivot":{"x":0.8693891167640686,"y":-0.07145649194717407,"z":0.2790207862854004},"rotation":{"x":-0.04977969080209732,"y":0.020070994272828103,"z":-0.0009994646534323693,"w":-0.9985697269439697},"size":2.2121686935424806,"orthographic":false}