{"cameraMode":{"drawMode":0,"name":"Shaded","section":"Shading Mode"},"sceneLighting":true,"audioPlay":false,"sceneViewState":{"showFog":false,"showMaterialUpdate":false,"showSkybox":false,"showFlares":false,"showImageEffects":false,"showParticleSystems":false},"in2DMode":false,"pivot":{"x":0.864730954170227,"y":-0.5433561205863953,"z":-2.8534975051879885},"rotation":{"x":-0.049736980348825458,"y":-0.04583045095205307,"z":0.002286863513290882,"w":-0.9977143406867981},"size":10.794209480285645,"orthographic":false}