{"cameraMode":{"drawMode":0,"name":"Shaded","section":"Shading Mode"},"sceneLighting":true,"audioPlay":false,"sceneViewState":{"showFog":true,"showMaterialUpdate":false,"showSkybox":true,"showFlares":true,"showImageEffects":true,"showParticleSystems":true},"in2DMode":false,"pivot":{"x":2.02951717376709,"y":0.7069897651672363,"z":-3.6862239837646486},"rotation":{"x":-0.3044160306453705,"y":-0.44999587535858157,"z":0.16646559536457063,"w":-0.8229250311851502},"size":5.940606117248535,"orthographic":false}