{"cameraMode":{"drawMode":0,"name":"Shaded","section":"Shading Mode"},"sceneLighting":false,"audioPlay":false,"sceneViewState":{"showFog":false,"showMaterialUpdate":false,"showSkybox":false,"showFlares":false,"showImageEffects":false,"showParticleSystems":false},"in2DMode":false,"pivot":{"x":2.6389951705932619,"y":0.000009119510650634766,"z":0.0},"rotation":{"x":-0.04643414542078972,"y":-0.12345220148563385,"z":0.005784423090517521,"w":-0.9912539124488831},"size":1.1444828510284424,"orthographic":false}