{"cameraMode":{"drawMode":0,"name":"Shaded","section":"Shading Mode"},"sceneLighting":false,"audioPlay":false,"sceneViewState":{"showFog":false,"showMaterialUpdate":false,"showSkybox":false,"showFlares":false,"showImageEffects":false,"showParticleSystems":false},"in2DMode":false,"pivot":{"x":6.210919380187988,"y":-0.5184909105300903,"z":10.878379821777344},"rotation":{"x":-0.04643414542078972,"y":-0.12345220148563385,"z":0.005784423090517521,"w":-0.9912539124488831},"size":14.160971641540528,"orthographic":false}