{"cameraMode":{"drawMode":0,"name":"Shaded","section":"Shading Mode"},"sceneLighting":true,"audioPlay":false,"sceneViewState":{"showFog":false,"showMaterialUpdate":false,"showSkybox":false,"showFlares":false,"showImageEffects":false,"showParticleSystems":false},"in2DMode":false,"pivot":{"x":0.716593325138092,"y":0.11004917323589325,"z":-0.2422945499420166},"rotation":{"x":-0.02280612476170063,"y":0.02309606969356537,"z":-0.0004461949865799397,"w":-0.9995977282524109},"size":2.461947441101074,"orthographic":false}